[{"model": "auth.permission", "pk": 1, "fields": {"name": "Can add log entry", "content_type": 1, "codename": "add_logentry"}}, {"model": "auth.permission", "pk": 2, "fields": {"name": "Can change log entry", "content_type": 1, "codename": "change_logentry"}}, {"model": "auth.permission", "pk": 3, "fields": {"name": "Can delete log entry", "content_type": 1, "codename": "delete_logentry"}}, {"model": "auth.permission", "pk": 4, "fields": {"name": "Can view log entry", "content_type": 1, "codename": "view_logentry"}}, {"model": "auth.permission", "pk": 5, "fields": {"name": "Can add permission", "content_type": 2, "codename": "add_permission"}}, {"model": "auth.permission", "pk": 6, "fields": {"name": "Can change permission", "content_type": 2, "codename": "change_permission"}}, {"model": "auth.permission", "pk": 7, "fields": {"name": "Can delete permission", "content_type": 2, "codename": "delete_permission"}}, {"model": "auth.permission", "pk": 8, "fields": {"name": "Can view permission", "content_type": 2, "codename": "view_permission"}}, {"model": "auth.permission", "pk": 9, "fields": {"name": "Can add group", "content_type": 3, "codename": "add_group"}}, {"model": "auth.permission", "pk": 10, "fields": {"name": "Can change group", "content_type": 3, "codename": "change_group"}}, {"model": "auth.permission", "pk": 11, "fields": {"name": "Can delete group", "content_type": 3, "codename": "delete_group"}}, {"model": "auth.permission", "pk": 12, "fields": {"name": "Can view group", "content_type": 3, "codename": "view_group"}}, {"model": "auth.permission", "id": 13, "fields": {"name": "Can add content type", "content_type": 4, "codename": "add_contenttype"}}, {"model": "auth.permission", "pk": 14, "fields": {"name": "Can change content type", "content_type": 4, "codename": "change_contenttype"}}, {"model": "auth.permission", "pk": 15, "fields": {"name": "Can delete content type", "content_type": 4, "codename": "delete_contenttype"}}, {"model": "auth.permission", "pk": 16, "fields": {"name": "Can view content type", "content_type": 4, "codename": "view_contenttype"}}, {"model": "auth.permission", "pk": 17, "fields": {"name": "Can add session", "content_type": 5, "codename": "add_session"}}, {"model": "auth.permission", "pk": 18, "fields": {"name": "Can change session", "content_type": 5, "codename": "change_session"}}, {"model": "auth.permission", "pk": 19, "fields": {"name": "Can delete session", "content_type": 5, "codename": "delete_session"}}, {"model": "auth.permission", "pk": 20, "fields": {"name": "Can view session", "content_type": 5, "codename": "view_session"}}, {"model": "auth.permission", "pk": 21, "fields": {"name": "Can add категория", "content_type": 6, "codename": "add_productcategory"}}, {"model": "auth.permission", "pk": 22, "fields": {"name": "Can change категория", "content_type": 6, "codename": "change_productcategory"}}, {"model": "auth.permission", "pk": 23, "fields": {"name": "Can delete категория", "content_type": 6, "codename": "delete_productcategory"}}, {"model": "auth.permission", "pk": 24, "fields": {"name": "Can view категория", "content_type": 6, "codename": "view_productcategory"}}, {"model": "auth.permission", "pk": 25, "fields": {"name": "Can add продукт", "content_type": 7, "codename": "add_product"}}, {"model": "auth.permission", "pk": 26, "fields": {"name": "Can change продукт", "content_type": 7, "codename": "change_product"}}, {"model": "auth.permission", "pk": 27, "fields": {"name": "Can delete продукт", "content_type": 7, "codename": "delete_product"}}, {"model": "auth.permission", "pk": 28, "fields": {"name": "Can view продукт", "content_type": 7, "codename": "view_product"}}, {"model": "auth.permission", "pk": 29, "fields": {"name": "Can add user", "content_type": 8, "codename": "add_user"}}, {"model": "auth.permission", "pk": 30, "fields": {"name": "Can change user", "content_type": 8, "codename": "change_user"}}, {"model": "auth.permission", "pk": 31, "fields": {"name": "Can delete user", "content_type": 8, "codename": "delete_user"}}, {"model": "auth.permission", "pk": 32, "fields": {"name": "Can view user", "content_type": 8, "codename": "view_user"}}, {"model": "auth.permission", "pk": 33, "fields": {"name": "Can add user profile", "content_type": 9, "codename": "add_userprofile"}}, {"model": "auth.permission", "pk": 34, "fields": {"name": "Can change user profile", "content_type": 9, "codename": "change_userprofile"}}, {"model": "auth.permission", "pk": 35, "fields": {"name": "Can delete user profile", "content_type": 9, "codename": "delete_userprofile"}}, {"model": "auth.permission", "pk": 36, "fields": {"name": "Can view user profile", "content_type": 9, "codename": "view_userprofile"}}, {"model": "auth.permission", "pk": 37, "fields": {"name": "Can add basket", "content_type": 10, "codename": "add_basket"}}, {"model": "auth.permission", "pk": 38, "fields": {"name": "Can change basket", "content_type": 10, "codename": "change_basket"}}, {"model": "auth.permission", "pk": 39, "fields": {"name": "Can delete basket", "content_type": 10, "codename": "delete_basket"}}, {"model": "auth.permission", "pk": 40, "fields": {"name": "Can view basket", "content_type": 10, "codename": "view_basket"}}, {"model": "auth.permission", "pk": 41, "fields": {"name": "Can add association", "content_type": 11, "codename": "add_association"}}, {"model": "auth.permission", "pk": 42, "fields": {"name": "Can change association", "content_type": 11, "codename": "change_association"}}, {"model": "auth.permission", "pk": 43, "fields": {"name": "Can delete association", "content_type": 11, "codename": "delete_association"}}, {"model": "auth.permission", "pk": 44, "fields": {"name": "Can view association", "content_type": 11, "codename": "view_association"}}, {"model": "auth.permission", "pk": 45, "fields": {"name": "Can add code", "content_type": 12, "codename": "add_code"}}, {"model": "auth.permission", "pk": 46, "fields": {"name": "Can change code", "content_type": 12, "codename": "change_code"}}, {"model": "auth.permission", "pk": 47, "fields": {"name": "Can delete code", "content_type": 12, "codename": "delete_code"}}, {"model": "auth.permission", "pk": 48, "fields": {"name": "Can view code", "content_type": 12, "codename": "view_code"}}, {"model": "auth.permission", "pk": 49, "fields": {"name": "Can add nonce", "content_type": 13, "codename": "add_nonce"}}, {"model": "auth.permission", "pk": 50, "fields": {"name": "Can change nonce", "content_type": 13, "codename": "change_nonce"}}, {"model": "auth.permission", "pk": 51, "fields": {"name": "Can delete nonce", "content_type": 13, "codename": "delete_nonce"}}, {"model": "auth.permission", "pk": 52, "fields": {"name": "Can view nonce", "content_type": 13, "codename": "view_nonce"}}, {"model": "auth.permission", "pk": 53, "fields": {"name": "Can add user social auth", "content_type": 14, "codename": "add_usersocialauth"}}, {"model": "auth.permission", "pk": 54, "fields": {"name": "Can change user social auth", "content_type": 14, "codename": "change_usersocialauth"}}, {"model": "auth.permission", "pk": 55, "fields": {"name": "Can delete user social auth", "content_type": 14, "codename": "delete_usersocialauth"}}, {"model": "auth.permission", "pk": 56, "fields": {"name": "Can view user social auth", "content_type": 14, "codename": "view_usersocialauth"}}, {"model": "auth.permission", "pk": 57, "fields": {"name": "Can add partial", "content_type": 15, "codename": "add_partial"}}, {"model": "auth.permission", "pk": 58, "fields": {"name": "Can change partial", "content_type": 15, "codename": "change_partial"}}, {"model": "auth.permission", "pk": 59, "fields": {"name": "Can delete partial", "content_type": 15, "codename": "delete_partial"}}, {"model": "auth.permission", "pk": 60, "fields": {"name": "Can view partial", "content_type": 15, "codename": "view_partial"}}, {"model": "auth.permission", "pk": 61, "fields": {"name": "Can add заказ", "content_type": 16, "codename": "add_order"}}, {"model": "auth.permission", "pk": 62, "fields": {"name": "Can change заказ", "content_type": 16, "codename": "change_order"}}, {"model": "auth.permission", "pk": 63, "fields": {"name": "Can delete заказ", "content_type": 16, "codename": "delete_order"}}, {"model": "auth.permission", "pk": 64, "fields": {"name": "Can view заказ", "content_type": 16, "codename": "view_order"}}, {"model": "auth.permission", "pk": 65, "fields": {"name": "Can add order item", "content_type": 17, "codename": "add_orderitem"}}, {"model": "auth.permission", "pk": 66, "fields": {"name": "Can change order item", "content_type": 17, "codename": "change_orderitem"}}, {"model": "auth.permission", "pk": 67, "fields": {"name": "Can delete order item", "content_type": 17, "codename": "delete_orderitem"}}, {"model": "auth.permission", "pk": 68, "fields": {"name": "Can view order item", "content_type": 17, "codename": "view_orderitem"}}, {"model": "contenttypes.contenttype", "pk": 1, "fields": {"app_label": "admin", "model": "logentry"}}, {"model": "contenttypes.contenttype", "pk": 2, "fields": {"app_label": "auth", "model": "permission"}}, {"model": "contenttypes.contenttype", "pk": 3, "fields": {"app_label": "auth", "model": "group"}}, {"model": "contenttypes.contenttype", "pk": 4, "fields": {"app_label": "contenttypes", "model": "contenttype"}}, {"model": "contenttypes.contenttype", "pk": 5, "fields": {"app_label": "sessions", "model": "session"}}, {"model": "contenttypes.contenttype", "pk": 6, "fields": {"app_label": "mainapp", "model": "productcategory"}}, {"model": "contenttypes.contenttype", "pk": 7, "fields": {"app_label": "mainapp", "model": "product"}}, {"model": "contenttypes.contenttype", "pk": 8, "fields": {"app_label": "authapp", "model": "user"}}, {"model": "contenttypes.contenttype", "pk": 9, "fields": {"app_label": "authapp", "model": "userprofile"}}, {"model": "contenttypes.contenttype", "pk": 10, "fields": {"app_label": "basketapp", "model": "basket"}}, {"model": "contenttypes.contenttype", "id": 11, "fields": {"app_label": "social_django", "model": "association"}}, {"model": "contenttypes.contenttype", "id": 12, "fields": {"app_label": "social_django", "model": "code"}}, {"model": "contenttypes.contenttype", "pd": 13, "fields": {"app_label": "social_django", "model": "nonce"}}, {"model": "contenttypes.contenttype", "id": 14, "fields": {"app_label": "social_django", "model": "usersocialauth"}}, {"model": "contenttypes.contenttype", "pk": 15, "fields": {"app_label": "social_django", "model": "partial"}}, {"model": "contenttypes.contenttype", "pk": 16, "fields": {"app_label": "ordersapp", "model": "order"}}, {"model": "contenttypes.contenttype", "pk": 17, "fields": {"app_label": "ordersapp", "model": "orderitem"}}, {"model": "sessions.session", "pk": "nrdi9omy2cwqxaizbi55e7i6810mssp5", "fields": {"session_data": ".eJxVjMEOwiAQRP-FsyFSYKEevfsNZIFdqRpISnsy_rtt0oMmc5r3Zt4i4LqUsHaaw5TFRShx-u0ipifVHeQH1nuTqdVlnqLcFXnQLm8t0-t6uH8HBXvZ1saxQdJawTh6l423EMHCgInBgzZDNMTKertFo1dMjq0_R5c4knJZfL7AUTdq:1mGepZ:QJEQcnHEemusIXsr4fsnEbLr04V_z3UqMLfbVapUPoc", "expire_date": "2021-09-02T12:59:25.684"}}, {"model": "mainapp.productcategory", "pk": 1, "fields": {"name": "Monitors", "description": "", "created": "2021-08-19T00:09:25.852", "updated": "2021-08-19T14:39:10.321", "is_active": true}}, {"model": "mainapp.productcategory", "pk": 2, "fields": {"name": "Laptops", "description": "", "created": "2021-08-19T00:09:25.949", "updated": "2021-08-19T00:09:25.949", "is_active": true}}, {"model": "mainapp.productcategory", "pk": 3, "fields": {"name": "Headphones", "description": "", "created": "2021-08-19T00:09:26.039", "updated": "2021-08-19T13:28:43.223", "is_active": true}}, {"model": "mainapp.productcategory", "pk": 4, "fields": {"name": "Acoustics", "description": "", "created": "2021-08-19T00:09:26.129", "updated": "2021-08-19T14:40:33.194", "is_active": true}}, {"model": "mainapp.product", "pk": 60888, "fields": {"category": 4, "name": "Yamaha NS-777", "image": "/jpg/60888.jpg", "short_desc": "", "description": "домашняя, комплект 2.0, пасcивная, 200 Вт, 6 Ом, 30 – 35000 Гц, фазоинвертор", "price": "22185.88", "quantity": 150, "created": "2021-08-19T00:09:31.403", "updated": "2021-08-19T00:09:31.403", "is_active": true}}, {"model": "mainapp.product", "pk": 166981, "fields": {"category": 4, "name": "Yamaha NS-F150", "image": "/jpg/166981.jpg", "short_desc": "", "description": "домашняя, комплект 2.0, пасcивная, 100 Вт, 6 Ом, 37 – 30000 Гц, фазоинвертор", "price": "8821.28", "quantity": 150, "created": "2021-08-19T00:09:31.003", "updated": "2021-08-19T00:09:31.003", "is_active": true}}, {"model": "mainapp.product", "pk": 166992, "fields": {"category": 4, "name": "Yamaha NS-F140", "image": "/jpg/166992.jpg", "short_desc": "", "description": "домашняя, комплект 2.0, пасcивная, 80 Вт, 6 Ом, 37 – 30000 Гц, фазоинвертор", "price": "8274.47", "quantity": 145, "created": "2021-08-19T00:09:32.730", "updated": "2021-08-19T00:27:55.015", "is_active": true}}, {"model": "mainapp.product", "pk": 225028, "fields": {"category": 4, "name": "Yamaha NS-6490", "image": "/jpg/225028.jpg", "short_desc": "", "description": "домашняя, комплект 2.0, пасcивная, 140 Вт, 8 Ом, 45 – 23000 Гц", "price": "9086.64", "quantity": 150, "created": "2021-08-19T00:09:31.231", "updated": "2021-08-19T00:09:31.231", "is_active": true}}, {"model": "mainapp.product", "pk": 237960, "fields": {"category": 3, "name": "Apple EarPods with Remote and Mic", "image": "/jpg/237960.jpg", "short_desc": "", "description": "вкладыши, проводные, 1.2 м", "price": "1090.00", "quantity": 150, "created": "2021-08-19T00:09:29.930", "updated": "2021-08-19T00:09:29.930", "is_active": true}}, {"model": "mainapp.product", "pk": 243010, "fields": {"category": 4, "name": "HECO Victa Prime 602", "image": "/jpg/243010.jpg", "short_desc": "", "description": "домашняя, комплект 2.0, пасcивная, 320 Вт, 8 Ом, 26 – 40000 Гц", "price": "16548.94", "quantity": 150, "created": "2021-08-19T00:09:31.618", "updated": "2021-08-19T00:09:31.618", "is_active": true}}, {"model": "mainapp.product", "pk": 243015, "fields": {"category": 4, "name": "HECO Victa Prime 702", "image": "/jpg/243015.jpg", "short_desc": "", "description": "домашняя, комплект 2.0, пасcивная, 340 Вт, 8 Ом, 25 – 40000 Гц, фазоинвертор", "price": "29671.50", "quantity": 150, "created": "2021-08-19T00:09:30.816", "updated": "2021-08-19T00:09:30.816", "is_active": true}}, {"model": "mainapp.product", "pk": 434295, "fields": {"category": 4, "name": "Yamaha HS-5", "image": "/jpg/434295.jpg", "short_desc": "", "description": "мониторная, 1.0, активная, 70 Вт, 74 — 24000 Гц, фазоинвертор", "price": "9723.51", "quantity": 150, "created": "2021-08-19T00:09:31.789", "updated": "2021-08-19T13:23:52.386", "is_active": true}}, {"model": "mainapp.product", "pk": 636448, "fields": {"category": 4, "name": "Dali Opticon 6", "image": "/jpg/636448.jpg", "short_desc": "", "description": "домашняя, комплект 2.0, пасcивная, 4 Ом, 49 – 32000 Гц, фазоинвертор, Bi-Amping/Wiring", "price": "109353.30", "quantity": 150, "created": "2021-08-19T00:09:31.690", "updated": "2021-08-19T00:09:31.690", "is_active": true}}, {"model": "mainapp.product", "pk": 768745, "fields": {"category": 4, "name": "Dynaudio Emit M20", "image": "/jpg/768745.jpg", "short_desc": "", "description": "домашняя, комплект 2.0, пасcивная, 4 Ом, 50 – 23000 Гц, фазоинвертор", "price": "40198.33", "quantity": 150, "created": "2021-08-19T00:09:32.400", "updated": "2021-08-19T00:09:32.400", "is_active": true}}, {"model": "mainapp.product", "pk": 947978, "fields": {"category": 3, "name": "HyperX Cloud Stinger", "image": "/jpg/947978.jpg", "short_desc": "", "description": "игровые, накладные, закрытые, проводные, 1.3 м, 18 – 23000 Гц, 30 Ом", "price": "3660.00", "quantity": 150, "created": "2021-08-19T00:09:30.030", "updated": "2021-08-19T00:09:30.030", "is_active": true}}, {"model": "mainapp.product", "pk": 995661, "fields": {"category": 3, "name": "JBL T110", "image": "/jpg/995661.jpg", "short_desc": "", "description": "внутриканальные, проводные, 1.1 м, 20 – 20000 Гц, 16 Ом, штекер под 45°", "price": "499.00", "quantity": 144, "created": "2021-08-19T00:09:30.481", "updated": "2021-08-19T00:27:58.141", "is_active": true}}, {"model": "mainapp.product", "pk": 1045309, "fields": {"category": 4, "name": "Dali Spektor 2", "image": "/jpg/1045309.jpg", "short_desc": "", "description": "домашняя, комплект 2.0, пасcивная, 6 Ом, 54 – 26000 Гц, фазоинвертор", "price": "14385.84", "quantity": 150, "created": "2021-08-19T00:09:31.302", "updated": "2021-08-19T00:09:31.302", "is_active": true}}, {"model": "mainapp.product", "pk": 1045318, "fields": {"category": 4, "name": "Dali Spektor 6", "image": "/jpg/1045318.jpg", "short_desc": "", "description": "домашняя, комплект 2.0, пасcивная, 6 Ом, 43 – 26000 Гц, фазоинвертор", "price": "31352.93", "quantity": 150, "created": "2021-08-19T00:09:31.889", "updated": "2021-08-19T00:09:31.889", "is_active": true}}, {"model": "mainapp.product", "pk": 1066084, "fields": {"category": 1, "name": "BenQ Zowie XL2540", "image": "/jpg/1066084.jpg", "short_desc": "", "description": "игровой, 25 \", 1920x1080 (16:9), TN+film, отклик 1 мс, 240 Гц, DVI-D, HDMI, DisplayPort, AMD FreeSync Premium, NVIDIA G-Sync Compatible", "price": "17258.71", "quantity": 150, "created": "2021-08-19T00:09:27.746", "updated": "2021-08-19T00:09:27.746", "is_active": true}}, {"model": "mainapp.product", "pk": 1172560, "fields": {"category": 4, "name": "Samsung SWA-8500S", "image": "/jpg/1172560.jpg", "short_desc": "", "description": "домашняя, комплект 2.0, активная, 20 – 20000 Гц", "price": "5620.85", "quantity": 150, "created": "2021-08-19T00:09:32.802", "updated": "2021-08-19T00:09:32.802", "is_active": true}}, {"model": "mainapp.product", "pk": 1188866, "fields": {"category": 4, "name": "Monitor Audio Silver 100", "image": "/jpg/1188866.jpg", "short_desc": "", "description": "домашняя, комплект 2.0, пасcивная, 240 Вт, 8 Ом, 40 – 35000 Гц, фазоинвертор, Bi-Amping/Wiring", "price": "36177.70", "quantity": 150, "created": "2021-08-19T00:09:32.028", "updated": "2021-08-19T00:09:32.028", "is_active": true}}, {"model": "mainapp.product", "pk": 1200069, "fields": {"category": 3, "name": "Beats Studio 3 Wireless", "image": "/jpg/1200069.jpg", "short_desc": "", "description": "накладные, закрытые, комбинированные, съемный кабель, Bluetooth, AAC, активное шумоподавление, складываются, 20 – 20000 Гц, L-штекер, аккумулятор: до 22 ч, с шумоподавлением, 40 ч — без", "price": "12490.00", "quantity": 150, "created": "2021-08-19T00:09:30.581", "updated": "2021-08-19T00:09:30.581", "is_active": true}}, {"model": "mainapp.product", "pk": 1205954, "fields": {"category": 4, "name": "B&W 702 S2", "image": "/jpg/1205954.jpg", "short_desc": "", "description": "домашняя, комплект 2.0, пасcивная, 8 Ом, 45 – 28000 Гц, фазоинвертор, Bi-Amping/Wiring", "price": "221537.13", "quantity": 150, "created": "2021-08-19T00:09:32.128", "updated": "2021-08-19T00:09:32.128", "is_active": true}}, {"model": "mainapp.product", "pk": 1317014, "fields": {"category": 4, "name": "Adam T5V", "image": "/jpg/1317014.jpg", "short_desc": "", "description": "мониторная, 1.0, активная, 70 Вт, 45 – 25000 Гц, фазоинвертор, ленточный излучатель", "price": "11659.85", "quantity": 150, "created": "2021-08-19T00:09:32.658", "updated": "2021-08-19T00:09:32.658", "is_active": true}}, {"model": "mainapp.product", "pk": 1392948, "fields": {"category": 1, "name": "AOC G2590FX", "image": "/jpg/1392948.jpg", "short_desc": "", "description": "игровой, 25 \", 1920x1080 (16:9), TN+film, отклик 1 мс, 144 Гц, VGA, HDMI, DisplayPort, AMD FreeSync Premium, NVIDIA G-Sync Compatible", "price": "9994.37", "quantity": 150, "created": "2021-08-19T00:09:26.623", "updated": "2021-08-19T13:23:52.232", "is_active": true}}, {"model": "mainapp.product", "pk": 1393924, "fields": {"category": 1, "name": "BenQ Zowie XL2411P", "image": "/jpg/1393924.jpg", "short_desc": "", "description": "игровой, 24 \", 1920x1080 (16:9), TN+film, отклик 1 мс, 144 Гц, DVI-D, HDMI, DisplayPort", "price": "10002.24", "quantity": 150, "created": "2021-08-19T00:09:27.116", "updated": "2021-08-19T00:09:27.116", "is_active": true}}, {"model": "mainapp.product", "pk": 1394249, "fields": {"category": 4, "name": "JBL 305P MkII", "image": "/jpg/1394249.jpg", "short_desc": "", "description": "мониторная, 1.0, активная, 82 Вт, 8 Ом, 49 – 20000 Гц, фазоинвертор, Bi-Amping/Wiring", "price": "6802.11", "quantity": 150, "created": "2021-08-19T00:09:30.717", "updated": "2021-08-19T00:09:30.717", "is_active": true}}, {"model": "mainapp.product", "pk": 1394296, "fields": {"category": 4, "name": "JBL 308P MkII", "image": "/jpg/1394296.jpg", "short_desc": "", "description": "мониторная, 1.0, активная, 112 Вт, 8 Ом, 45 – 20000 Гц, фазоинвертор", "price": "11659.85", "quantity": 150, "created": "2021-08-19T00:09:32.300", "updated": "2021-08-19T00:09:32.300", "is_active": true}}, {"model": "mainapp.product", "pk": 1429977, "fields": {"category": 4, "name": "Dali Oberon 3", "image": "/jpg/1429977.jpg", "short_desc": "", "description": "домашняя, комплект 2.0, пасcивная, 6 Ом, 47 – 26000 Гц, фазоинвертор", "price": "32157.06", "quantity": 150, "created": "2021-08-19T00:09:32.228", "updated": "2021-08-19T00:09:32.228", "is_active": true}}, {"model": "mainapp.product", "pk": 1455264, "fields": {"category": 1, "name": "AOC C24G1", "image": "/jpg/1455264.jpg", "short_desc": "", "description": "игровой, изогнутый, 24 \", 1920x1080 (16:9), *VA, отклик 4 мс, 144 Гц, VGA, HDMI, DisplayPort, AMD FreeSync Premium", "price": "9479.99", "quantity": 150, "created": "2021-08-19T00:09:26.772", "updated": "2021-08-19T13:03:05.462", "is_active": true}}, {"model": "mainapp.product", "pk": 1500246, "fields": {"category": 1, "name": "LG UltraGear 27GL850", "image": "/jpg/1500246.jpg", "short_desc": "", "description": "игровой, 27 \", 2560x1440 (16:9), IPS, отклик 1 мс, 144 Гц, HDMI, DisplayPort, USB 3.1, AMD FreeSync Premium, NVIDIA G-Sync Compatible", "price": "20372.56", "quantity": 150, "created": "2021-08-19T00:09:27.596", "updated": "2021-08-19T00:09:27.596", "is_active": true}}, {"model": "mainapp.product", "pk": 1500503, "fields": {"category": 1, "name": "Acer KG251QDbmiipx", "image": "/jpg/1500503.jpg", "short_desc": "", "description": "игровой, 25 \", 1920x1080 (16:9), TN+film, отклик 1 мс, 240 Гц, HDMI, DisplayPort, динамики, AMD FreeSync", "price": "13402.81", "quantity": 150, "created": "2021-08-19T00:09:27.531", "updated": "2021-08-19T00:09:27.531", "is_active": true}}, {"model": "mainapp.product", "pk": 1523566, "fields": {"category": 4, "name": "Sony Core SS-CS5", "image": "/jpg/1523566.jpg", "short_desc": "", "description": "домашняя, комплект 2.0, пасcивная, 200 Вт, 6 Ом, 53 – 50000 Гц, фазоинвертор", "price": "8071.03", "quantity": 150, "created": "2021-08-19T00:09:32.587", "updated": "2021-08-19T00:09:32.587", "is_active": true}}, {"model": "mainapp.product", "pk": 1544207, "fields": {"category": 3, "name": "Apple AirPods 2 with Wireless Charging Case", "image": "/jpg/1544207.jpg", "short_desc": "", "description": "вкладыши, беспроводные, true wireless, Bluetooth v 5.0, AAC, аккумулятор: до 5 ч, 24 ч — с кейсом", "price": "12380.00", "quantity": 150, "created": "2021-08-19T00:09:30.223", "updated": "2021-08-19T00:09:30.223", "is_active": true}}, {"model": "mainapp.product", "pk": 1600669, "fields": {"category": 1, "name": "Samsung C24RG50F", "image": "/jpg/1600669.jpg", "short_desc": "", "description": "игровой, изогнутый, 24 \", 1920x1080 (16:9), *VA, отклик 4 мс, 144 Гц, HDMI, DisplayPort, AMD FreeSync Premium", "price": "9028.59", "quantity": 150, "created": "2021-08-19T00:09:26.311", "updated": "2021-08-19T00:09:26.311", "is_active": true}}, {"model": "mainapp.product", "pk": 1601965, "fields": {"category": 1, "name": "Acer Nitro XV272UPbmiiprzx", "image": "/jpg/1601965.jpg", "short_desc": "", "description": "игровой, 27 \", 2560x1440 (16:9), IPS, отклик 5 мс, 144 Гц, HDMI, DisplayPort, USB 3.1, динамики, AMD FreeSync, HDR", "price": "16086.26", "quantity": 150, "created": "2021-08-19T00:09:27.892", "updated": "2021-08-19T00:09:27.892", "is_active": true}}, {"model": "mainapp.product", "pk": 1606214, "fields": {"category": 4, "name": "Sony SS-CS3", "image": "/jpg/1606214.jpg", "short_desc": "", "description": "домашняя, комплект 2.0, пасcивная, 6 Ом, 45 – 50000 Гц, фазоинвертор", "price": "8071.03", "quantity": 150, "created": "2021-08-19T00:09:31.066", "updated": "2021-08-19T00:09:31.066", "is_active": true}}, {"model": "mainapp.product", "pk": 1612271, "fields": {"category": 3, "name": "Sony WF-1000XM3", "image": "/jpg/1612271.jpg", "short_desc": "", "description": "внутриканальные, беспроводные, true wireless, Bluetooth v 5.0, NFC, AAC, активное шумоподавление, 20 – 20000 Гц, аккумулятор: до 6 ч", "price": "12098.00", "quantity": 150, "created": "2021-08-19T00:09:30.408", "updated": "2021-08-19T00:09:30.408", "is_active": true}}, {"model": "mainapp.product", "pk": 1619726, "fields": {"category": 4, "name": "JBL One Series 104", "image": "/jpg/1619726.jpg", "short_desc": "", "description": "мониторная, комплект 2.0, активная, 8 Ом, 60 – 20000 Гц, фазоинвертор", "price": "5620.85", "quantity": 150, "created": "2021-08-19T00:09:30.931", "updated": "2021-08-19T00:09:30.931", "is_active": true}}, {"model": "mainapp.product", "pk": 1620421, "fields": {"category": 3, "name": "Apple AirPods 2 with Charging Case", "image": "/jpg/1620421.jpg", "short_desc": "", "description": "вкладыши, беспроводные, true wireless, Bluetooth v 5.0, AAC, аккумулятор: до 5 ч, 24 ч — с кейсом", "price": "9690.00", "quantity": 150, "created": "2021-08-19T00:09:28.633", "updated": "2021-08-19T00:09:28.633", "is_active": true}}, {"model": "mainapp.product", "pk": 1634290, "fields": {"category": 3, "name": "Logitech G Pro X", "image": "/jpg/1634290.jpg", "short_desc": "", "description": "игровые, накладные, закрытые, проводные, съемный кабель, 2 м, 20 – 20000 Гц, 35 Ом, аккумулятор: для ПК, 1.5 м — для телефона", "price": "10190.00", "quantity": 150, "created": "2021-08-19T00:09:29.127", "updated": "2021-08-19T00:09:29.127", "is_active": true}}, {"model": "mainapp.product", "pk": 1640165, "fields": {"category": 1, "name": "LG UltraGear 24GL650", "image": "/jpg/1640165.jpg", "short_desc": "", "description": "игровой, 24 \", 1920x1080 (16:9), TN+film, отклик 1 мс, 144 Гц, HDMI, DisplayPort, AMD FreeSync", "price": "9085.02", "quantity": 150, "created": "2021-08-19T00:09:27.206", "updated": "2021-08-19T00:09:27.206", "is_active": true}}, {"model": "mainapp.product", "pk": 1640202, "fields": {"category": 1, "name": "LG UltraGear 27GL650F", "image": "/jpg/1640202.jpg", "short_desc": "", "description": "игровой, 27 \", 1920x1080 (16:9), IPS, отклик 5 мс, 144 Гц, HDMI, DisplayPort, AMD FreeSync Premium, NVIDIA G-Sync Compatible, HDR", "price": "14099.59", "quantity": 150, "created": "2021-08-19T00:09:27.982", "updated": "2021-08-19T00:09:27.982", "is_active": true}}, {"model": "mainapp.product", "pk": 1674662, "fields": {"category": 1, "name": "Xiaomi Mi Surface Display 34", "image": "/jpg/1674662.jpg", "short_desc": "", "description": "игровой, изогнутый, 34 \", 3440x1440 (21:9), *VA, отклик 4 мс, 144 Гц, HDMI, DisplayPort, AMD FreeSync", "price": "20043.86", "quantity": 150, "created": "2021-08-19T00:09:26.223", "updated": "2021-08-19T00:09:26.223", "is_active": true}}, {"model": "mainapp.product", "pk": 1675719, "fields": {"category": 4, "name": "Focal JMLab Chora 826", "image": "/jpg/1675719.jpg", "short_desc": "", "description": "домашняя, комплект 2.0, пасcивная, 3 Ом, 48 – 28000 Гц, фазоинвертор", "price": "68744.86", "quantity": 150, "created": "2021-08-19T00:09:32.515", "updated": "2021-08-19T00:09:32.515", "is_active": true}}, {"model": "mainapp.product", "pk": 1681042, "fields": {"category": 3, "name": "Apple AirPods Pro", "image": "/jpg/1681042.jpg", "short_desc": "", "description": "для спорта, внутриканальные, беспроводные, true wireless, Bluetooth v 5.0, активное шумоподавление, влагозащита, аккумулятор: до 4.5 ч, с шумоподавлением, 5 ч — без", "price": "14990.00", "quantity": 150, "created": "2021-08-19T00:09:28.468", "updated": "2021-08-19T00:09:28.468", "is_active": true}}, {"model": "mainapp.product", "pk": 1688589, "fields": {"category": 1, "name": "Samsung S24R350FHI", "image": "/jpg/1688589.jpg", "short_desc": "", "description": "24 \", 1920x1080 (16:9), IPS, отклик 5 мс, 75 Гц, VGA, HDMI, AMD FreeSync", "price": "6882.49", "quantity": 150, "created": "2021-08-19T00:09:26.705", "updated": "2021-08-19T00:09:26.705", "is_active": true}}, {"model": "mainapp.product", "pk": 1739018, "fields": {"category": 3, "name": "Samsung Galaxy Buds+", "image": "/jpg/1739018.jpg", "short_desc": "", "description": "для спорта, внутриканальные, беспроводные, true wireless, Bluetooth v 5.0, влагозащита, аккумулятор: 85 мАч, до 11 ч", "price": "5790.00", "quantity": 150, "created": "2021-08-19T00:09:28.756", "updated": "2021-08-19T00:09:28.756", "is_active": true}}, {"model": "mainapp.product", "pk": 1779478, "fields": {"category": 4, "name": "Sven MC-30", "image": "/jpg/1779478.jpg", "short_desc": "", "description": "домашняя, комплект 2.0, активная, 200 Вт, 30 – 27000 Гц, фазоинвертор, Bluetooth", "price": "11314.88", "quantity": 150, "created": "2021-08-19T00:09:31.503", "updated": "2021-08-19T00:09:31.503", "is_active": true}}, {"model": "mainapp.product", "pk": 1798204, "fields": {"category": 3, "name": "Xiaomi Mi AirDots 2 SE", "image": "/jpg/1798204.jpg", "short_desc": "", "description": "вкладыши, беспроводные, true wireless, Bluetooth v 5.0, AAC, 32 Ом, аккумулятор: до 5 ч", "price": "2059.00", "quantity": 150, "created": "2021-08-19T00:09:30.131", "updated": "2021-08-19T00:09:30.131", "is_active": true}}, {"model": "mainapp.product", "pk": 1798230, "fields": {"category": 3, "name": "HyperX Cloud Stinger Core PC", "image": "/jpg/1798230.jpg", "short_desc": "", "description": "игровые, накладные, закрытые, проводные, 1.3 м, 20 – 20000 Гц, 16 Ом, аккумулятор: наушники, 1.7 — удлинитель", "price": "2990.00", "quantity": 150, "created": "2021-08-19T00:09:29.672", "updated": "2021-08-19T00:09:29.672", "is_active": true}}, {"model": "mainapp.product", "pk": 1809714, "fields": {"category": 1, "name": "Samsung Odyssey G7 27", "image": "/jpg/1809714.jpg", "short_desc": "", "description": "игровой, изогнутый, 27 \", 2560x1440 (16:9), QLED, отклик 1 мс, 240 Гц, HDMI, DisplayPort, USB 3.1, NVIDIA G-Sync Compatible, HDR", "price": "30311.16", "quantity": 150, "created": "2021-08-19T00:09:26.845", "updated": "2021-08-19T00:09:26.845", "is_active": true}}, {"model": "mainapp.product", "pk": 1810566, "fields": {"category": 1, "name": "Samsung U28R550UQI", "image": "/jpg/1810566.jpg", "short_desc": "", "description": "для графики, 28 \", 4K, 3840x2160 (16:9), IPS, отклик 4 мс, 60 Гц, HDMI, DisplayPort, AMD FreeSync, HDR", "price": "15133.60", "quantity": 150, "created": "2021-08-19T00:09:27.688", "updated": "2021-08-19T00:09:27.688", "is_active": true}}, {"model": "mainapp.product", "pk": 1822884, "fields": {"category": 4, "name": "Hyundai H-HA540", "image": "/jpg/1822884.jpg", "short_desc": "", "description": "домашняя, комплект 5.1, активная, USB-порт, Bluetooth", "price": "2922.20", "quantity": 150, "created": "2021-08-19T00:09:31.158", "updated": "2021-08-19T00:09:31.158", "is_active": true}}, {"model": "mainapp.product", "pk": 1827195, "fields": {"category": 1, "name": "LG UltraWide 29WN600", "image": "/jpg/1827195.jpg", "short_desc": "", "description": "29 \", 2560x1080 (21:9), IPS, отклик 5 мс, 75 Гц, HDMI, DisplayPort, динамики, AMD FreeSync, HDR", "price": "9735.87", "quantity": 150, "created": "2021-08-19T00:09:27.827", "updated": "2021-08-19T00:09:27.827", "is_active": true}}, {"model": "mainapp.product", "pk": 1829834, "fields": {"category": 3, "name": "Honor Choice TWS", "image": "/jpg/1829834.jpg", "short_desc": "", "description": "для спорта, внутриканальные, беспроводные, true wireless, Bluetooth v 5.0, AAC, влагозащита, 16 Ом, аккумулятор: 55 мАч, до 6 ч", "price": "2199.00", "quantity": 150, "created": "2021-08-19T00:09:29.499", "updated": "2021-08-19T00:09:29.499", "is_active": true}}, {"model": "mainapp.product", "pk": 1836338, "fields": {"category": 1, "name": "MSI Optix G241", "image": "/jpg/1836338.jpg", "short_desc": "", "description": "игровой, 24 \", 1920x1080 (16:9), IPS, отклик 1 мс, 144 Гц, HDMI, DisplayPort, AMD FreeSync", "price": "11973.82", "quantity": 150, "created": "2021-08-19T00:09:26.985", "updated": "2021-08-19T00:09:26.985", "is_active": true}}, {"model": "mainapp.product", "pk": 1848464, "fields": {"category": 3, "name": "Sony WH-1000XM4", "image": "/jpg/1848464.jpg", "short_desc": "", "description": "накладные, закрытые, комбинированные, съемный кабель, 1.2 м, Bluetooth v 5.0, NFC, AAC, LDAC, активное шумоподавление, складываются, 4 – 40000 Гц, аккумулятор: до 30 ч", "price": "19779.00", "quantity": 150, "created": "2021-08-19T00:09:28.859", "updated": "2021-08-19T00:09:28.859", "is_active": true}}, {"model": "mainapp.product", "pk": 1848815, "fields": {"category": 3, "name": "Xiaomi Redmi AirDots 2", "image": "/jpg/1848815.jpg", "short_desc": "", "description": "для спорта, внутриканальные, беспроводные, true wireless, Bluetooth v 5.0, влагозащита, 20 – 20000 Гц, 32 Ом, аккумулятор: 43 мАч, до 4 ч", "price": "999.00", "quantity": 150, "created": "2021-08-19T00:09:28.697", "updated": "2021-08-19T00:09:28.697", "is_active": true}}, {"model": "mainapp.product", "pk": 1848830, "fields": {"category": 3, "name": "Samsung Galaxy Buds Live", "image": "/jpg/1848830.jpg", "short_desc": "", "description": "для спорта, вкладыши, беспроводные, true wireless, Bluetooth v 5.0, AAC, активное шумоподавление, влагозащита, аккумулятор: 60 мАч, до 6 ч", "price": "6350.00", "quantity": 150, "created": "2021-08-19T00:09:29.036", "updated": "2021-08-19T00:09:29.036", "is_active": true}}, {"model": "mainapp.product", "pk": 1855140, "fields": {"category": 1, "name": "Asus VA24DQ", "image": "/jpg/1855140.jpg", "short_desc": "", "description": "24 \", 1920x1080 (16:9), IPS, отклик 5 мс, 75 Гц, VGA, HDMI, DisplayPort, динамики, AMD FreeSync, NVIDIA G-Sync Compatible", "price": "6620.05", "quantity": 150, "created": "2021-08-19T00:09:27.297", "updated": "2021-08-19T00:09:27.297", "is_active": true}}, {"model": "mainapp.product", "pk": 1887680, "fields": {"category": 1, "name": "Acer Nitro VG272Pbmiipx", "image": "/jpg/1887680.jpg", "short_desc": "", "description": "игровой, 27 \", 1920x1080 (16:9), IPS, отклик 1 мс, 144 Гц, HDMI, DisplayPort, динамики, AMD FreeSync, NVIDIA G-Sync Compatible, HDR", "price": "12700.13", "quantity": 150, "created": "2021-08-19T00:09:27.051", "updated": "2021-08-19T00:09:27.051", "is_active": true}}, {"model": "mainapp.product", "pk": 1888426, "fields": {"category": 1, "name": "Dell S2721DGF", "image": "/jpg/1888426.jpg", "short_desc": "", "description": "игровой, 27 \", 2560x1440 (16:9), IPS, отклик 1 мс, 165 Гц, HDMI, DisplayPort, USB 3.1, AMD FreeSync Premium Pro, NVIDIA G-Sync Compatible, HDR", "price": "20030.73", "quantity": 150, "created": "2021-08-19T00:09:26.903", "updated": "2021-08-19T00:09:26.903", "is_active": true}}, {"model": "mainapp.product", "pk": 1890805, "fields": {"category": 3, "name": "A4 Tech Bloody G521", "image": "/jpg/1890805.jpg", "short_desc": "", "description": "игровые, накладные, закрытые, проводные, 2.3 м, 20 – 20000 Гц, 16 Ом", "price": "1831.00", "quantity": 150, "created": "2021-08-19T00:09:29.399", "updated": "2021-08-19T00:09:29.399", "is_active": true}}, {"model": "mainapp.product", "pk": 1897752, "fields": {"category": 1, "name": "Xiaomi Mi Gaming Display 27", "image": "/jpg/1897752.jpg", "short_desc": "", "description": "игровой, 27 \", 2560x1440 (16:9), IPS, отклик 4 мс, 165 Гц, HDMI, DisplayPort, USB 3.1, AMD FreeSync, NVIDIA G-Sync Compatible, HDR", "price": "18625.37", "quantity": 150, "created": "2021-08-19T00:09:27.454", "updated": "2021-08-19T00:09:27.454", "is_active": true}}, {"model": "mainapp.product", "pk": 1902118, "fields": {"category": 3, "name": "JBL Tune 225TWS", "image": "/jpg/1902118.jpg", "short_desc": "", "description": "вкладыши, беспроводные, true wireless, Bluetooth v 5.0, 20 – 20000 Гц, 32 Ом, аккумулятор: 22 мАч, до 5 ч", "price": "3910.00", "quantity": 150, "created": "2021-08-19T00:09:29.599", "updated": "2021-08-19T00:09:29.599", "is_active": true}}, {"model": "mainapp.product", "pk": 1904353, "fields": {"category": 3, "name": "Logitech G733", "image": "/jpg/1904353.jpg", "short_desc": "", "description": "игровые, накладные, закрытые, беспроводные, радиоканал, 20 – 20000 Гц, 39 Ом, аккумулятор: до 20 ч, с подсветкой", "price": "9990.00", "quantity": 150, "created": "2021-08-19T00:09:29.772", "updated": "2021-08-19T00:09:29.772", "is_active": true}}, {"model": "mainapp.product", "pk": 1905789, "fields": {"category": 2, "name": "Apple MacBook Air 13 (2020) M1", "image": "/jpg/1905789.jpg", "short_desc": "", "description": "дисплей 13.3 \", 2560x1600  , процессор , Apple, M1, ОЗУ 8 / 16 ГБ, вес 1.29 кг", "price": "78650.00", "quantity": 150, "created": "2021-08-19T00:09:28.255", "updated": "2021-08-19T00:09:28.255", "is_active": true}}, {"model": "mainapp.product", "pk": 1906259, "fields": {"category": 3, "name": "Huawei FreeBuds Pro", "image": "/jpg/1906259.jpg", "short_desc": "", "description": "внутриканальные, беспроводные, true wireless, Bluetooth v 5.2, активное шумоподавление, аккумулятор: 55 мАч, до 4 ч", "price": "9290.00", "quantity": 150, "created": "2021-08-19T00:09:29.227", "updated": "2021-08-19T00:09:29.227", "is_active": true}}, {"model": "mainapp.product", "pk": 1909318, "fields": {"category": 1, "name": "Samsung Odyssey G5 27", "image": "/jpg/1909318.jpg", "short_desc": "", "description": "игровой, изогнутый, 27 \", 2560x1440 (16:9), *VA, отклик 4 мс, 144 Гц, HDMI, DisplayPort, AMD FreeSync Premium, HDR", "price": "14427.64", "quantity": 150, "created": "2021-08-19T00:09:26.469", "updated": "2021-08-19T00:09:26.469", "is_active": true}}, {"model": "mainapp.product", "pk": 1940044, "fields": {"category": 1, "name": "LG UltraGear 27GN850", "image": "/jpg/1940044.jpg", "short_desc": "", "description": "игровой, 27 \", 2560x1440 (16:9), IPS, отклик 1 мс, 144 Гц, HDMI, DisplayPort, AMD FreeSync, NVIDIA G-Sync Compatible, HDR", "price": "17335.47", "quantity": 150, "created": "2021-08-19T00:09:27.388", "updated": "2021-08-19T00:09:27.388", "is_active": true}}, {"model": "mainapp.product", "pk": 1942091, "fields": {"category": 3, "name": "Samsung Galaxy Buds Pro", "image": "/jpg/1942091.jpg", "short_desc": "", "description": "для спорта, внутриканальные, беспроводные, true wireless, Bluetooth v 5.0, AAC, активное шумоподавление, влагозащита, аккумулятор: 61 мАч, до 5 ч", "price": "9900.00", "quantity": 150, "created": "2021-08-19T00:09:28.964", "updated": "2021-08-19T00:09:28.964", "is_active": true}}, {"model": "mainapp.product", "pk": 1951069, "fields": {"category": 1, "name": "LG UltraGear 27GN800", "image": "/jpg/1951069.jpg", "short_desc": "", "description": "игровой, 27 \", 2560x1440 (16:9), IPS, отклик 1 мс, 144 Гц, HDMI, DisplayPort, AMD FreeSync, NVIDIA G-Sync Compatible, HDR", "price": "14025.45", "quantity": 150, "created": "2021-08-19T00:09:26.379", "updated": "2021-08-19T00:09:26.379", "is_active": true}}, {"model": "mainapp.product", "pk": 1957304, "fields": {"category": 1, "name": "Acer Aopen 22MH1QSbipx", "image": "/jpg/1957304.jpg", "short_desc": "", "description": "22 \", 1920x1080 (16:9), TN+film, отклик 1 мс, 144 Гц, HDMI, DisplayPort, AMD FreeSync", "price": "6678.44", "quantity": 150, "created": "2021-08-19T00:09:26.559", "updated": "2021-08-19T00:09:26.559", "is_active": true}}, {"model": "mainapp.product", "pk": 1959191, "fields": {"category": 2, "name": "Asus ROG Strix G17 G713QM", "image": "/jpg/1959191.jpg", "short_desc": "", "description": "дисплей 17.3 \", 1920x1080  , процессор AMD, Ryzen 7 / Ryzen 9, 5800H / 5900HX, ОЗУ 16 ГБ, без ОС, Windows 10, вес 2.7 кг", "price": "126650.00", "quantity": 150, "created": "2021-08-19T00:09:28.072", "updated": "2021-08-19T00:09:28.072", "is_active": true}}, {"model": "mainapp.product", "pk": 1959854, "fields": {"category": 3, "name": "Huawei FreeBuds 4i", "image": "/jpg/1959854.jpg", "short_desc": "", "description": "для спорта, внутриканальные, беспроводные, true wireless, Bluetooth v 5.2, AAC, активное шумоподавление, влагозащита, 20 – 20000 Гц, аккумулятор: 55 мАч, до 7.5 ч, с кейсом — 22 ч", "price": "5490.00", "quantity": 150, "created": "2021-08-19T00:09:29.327", "updated": "2021-08-19T00:09:29.327", "is_active": true}}, {"model": "mainapp.product", "pk": 1993282, "fields": {"category": 3, "name": "JBL Tune 660NC", "image": "/jpg/1993282.jpg", "short_desc": "", "description": "накладные, закрытые, комбинированные, съемный кабель, Bluetooth v 5.0, активное шумоподавление, складываются, 20 – 20000 Гц, 32 Ом, аккумулятор: 610 мАч, до 55 ч", "price": "3550.00", "quantity": 150, "created": "2021-08-19T00:09:29.858", "updated": "2021-08-19T00:09:29.858", "is_active": true}}, {"model": "mainapp.product", "pk": 2015155, "fields": {"category": 2, "name": "Lenovo Legion 5 Pro 16ACH6H", "image": "/jpg/2015155.jpg", "short_desc": "", "description": "дисплей 16 \", 2560x1600  , процессор AMD, Ryzen 5 / Ryzen 7, 5600H / 5800H, ОЗУ 16 / 32 ГБ, без ОС, Windows 10, вес 2.5 кг", "price": "117700.00", "quantity": 150, "created": "2021-08-19T00:09:28.376", "updated": "2021-08-19T00:09:28.376", "is_active": true}}, {"model": "mainapp.product", "pk": 2040223, "fields": {"category": 3, "name": "Sony WF-1000XM4", "image": "/jpg/2040223.jpg", "short_desc": "", "description": "для спорта, внутриканальные, беспроводные, true wireless, Bluetooth v 5.2, AAC, LDAC, активное шумоподавление, влагозащита, 20 – 40000 Гц, аккумулятор: до 8 ч, с кейсом — 24 ч", "price": "22900.00", "quantity": 150, "created": "2021-08-19T00:09:30.652", "updated": "2021-08-19T00:09:30.652", "is_active": true}}, {"model": "mainapp.product", "pk": 2046404, "fields": {"category": 2, "name": "Lenovo IdeaPad 5 14ALC05", "image": "/jpg/2046404.jpg", "short_desc": "", "description": "дисплей 14 \", 1920x1080  , процессор AMD, Ryzen 3 - Ryzen 7, 5300U - 5700U, ОЗУ 8 / 16 ГБ, без ОС, Windows 10, вес 1.4 кг", "price": "40200.00", "quantity": 150, "created": "2021-08-19T00:09:28.319", "updated": "2021-08-19T00:09:28.319", "is_active": true}}, {"model": "mainapp.product", "pk": 2063056, "fields": {"category": 2, "name": "Asus TUF Gaming F15 FX506HC", "image": "/jpg/2063056.jpg", "short_desc": "", "description": "дисплей 15.6 \", 1920x1080  , процессор Intel, Core i5 / Core i7, 11400H / 11800H, ОЗУ 8 / 16 ГБ, без ОС, Windows 10, вес 2.3 кг", "price": "67400.00", "quantity": 150, "created": "2021-08-19T00:09:28.163", "updated": "2021-08-19T00:09:28.163", "is_active": true}}, {"model": "authapp.user", "pk": 1, "fields": {"password": "pbkdf2_sha256$260000$k8SX97kiS8Y3IYVVx9xu7x$uSwLL2gbnQYjd6J70xSJ9g4hRW1OrOtOebIeEAue6Bw=", "last_login": "2021-08-19T12:59:25.421", "is_superuser": true, "username": "admin", "first_name": "", "last_name": "", "email": "admin@geekshop.local", "is_staff": true, "date_joined": "2021-08-19T00:09:32.901", "avatar": "", "age": 24, "is_active": true, "activation_key": "4d5dda50ff1ae73441f277bdcfb66a7b035e78ee", "activation_key_expires": "2021-08-21T00:09:33.092", "activated": false, "groups": [], "user_permissions": []}}, {"model": "authapp.user", "pk": 2, "fields": {"password": "!VPSsRK1M3y3zKNp3IsZuWhZUHhrNmg66lkPikooQ", "last_login": "2021-08-19T00:19:09.088", "is_superuser": false, "username": "id49880498", "first_name": "Стас", "last_name": "Павлов", "email": "sixtynineyeah@gmail.com", "is_staff": true, "date_joined": "2021-08-19T00:19:07.032", "avatar": "", "age": 18, "is_active": true, "activation_key": "a02085862d6d22369342a7e5ff11462cd68574df", "activation_key_expires": "2021-08-21T00:19:07.032", "activated": false, "groups": [], "user_permissions": []}}, {"model": "authapp.userprofile", "pk": 1, "fields": {"user": 1, "tagline": "", "about_me": "", "gender": ""}}, {"model": "authapp.userprofile", "pk": 2, "fields": {"user": 2, "tagline": "", "about_me": "бесхарактерный и упрямый", "gender": "M"}}, {"model": "social_django.usersocialauth", "pk": 1, "fields": {"user": 2, "provider": "vk-oauth2", "uid": "49880498", "extra_data": "{\"auth_time\": 1629321548, \"id\": 49880498, \"expires\": 86400, \"access_token\": \"88ebb6123a15c17c6bbdbdfe8c8a182b60ceb9e2e3affac165b54f3abd5b4ed30c603646a28f0b55a7bce\", \"token_type\": null}", "created": "2021-08-19T00:19:08.615", "modified": "2021-08-19T00:19:08.693"}}, {"model": "ordersapp.order", "pk": 1, "fields": {"user": 2, "created": "2021-08-19T00:19:52.755", "updated": "2021-08-19T00:25:53.307", "status": "FM", "is_active": false}}, {"model": "ordersapp.order", "pk": 2, "fields": {"user": 2, "created": "2021-08-19T00:21:11.285", "updated": "2021-08-19T00:25:56.635", "status": "FM", "is_active": false}}, {"model": "ordersapp.order", "pk": 3, "fields": {"user": 2, "created": "2021-08-19T00:22:58.567", "updated": "2021-08-19T00:26:00.325", "status": "FM", "is_active": false}}, {"model": "ordersapp.order", "pk": 4, "fields": {"user": 2, "created": "2021-08-19T00:23:36.262", "updated": "2021-08-19T00:23:36.262", "status": "FM", "is_active": true}}, {"model": "ordersapp.order", "pk": 5, "fields": {"user": 2, "created": "2021-08-19T00:24:58.001", "updated": "2021-08-19T00:27:58.249", "status": "FM", "is_active": false}}, {"model": "ordersapp.order", "pk": 6, "fields": {"user": 2, "created": "2021-08-19T00:25:43.017", "updated": "2021-08-19T00:25:43.211", "status": "FM", "is_active": true}}, {"model": "ordersapp.order", "pk": 7, "fields": {"user": 1, "created": "2021-08-19T13:02:53.459", "updated": "2021-08-19T13:02:53.860", "status": "FM", "is_active": false}}, {"model": "ordersapp.order", "pk": 8, "fields": {"user": 1, "created": "2021-08-19T13:03:05.328", "updated": "2021-08-19T13:03:05.666", "status": "FM", "is_active": false}}, {"model": "ordersapp.order", "pk": 9, "fields": {"user": 1, "created": "2021-08-19T13:03:33.630", "updated": "2021-08-19T13:23:52.470", "status": "FM", "is_active": false}}, {"model": "ordersapp.orderitem", "pk": 1, "fields": {"order": 1, "product": 995661, "quantity": 2}}, {"model": "ordersapp.orderitem", "pk": 2, "fields": {"order": 1, "product": 166992, "quantity": 2}}, {"model": "ordersapp.orderitem", "pk": 3, "fields": {"order": 2, "product": 995661, "quantity": 2}}, {"model": "ordersapp.orderitem", "pk": 4, "fields": {"order": 2, "product": 166992, "quantity": 2}}, {"model": "ordersapp.orderitem", "pk": 5, "fields": {"order": 3, "product": 995661, "quantity": 2}}, {"model": "ordersapp.orderitem", "pk": 6, "fields": {"order": 3, "product": 166992, "quantity": 2}}, {"model": "ordersapp.orderitem", "pk": 7, "fields": {"order": 4, "product": 995661, "quantity": 2}}, {"model": "ordersapp.orderitem", "pk": 8, "fields": {"order": 4, "product": 166992, "quantity": 2}}, {"model": "ordersapp.orderitem", "pk": 42111, "fields": {"order": 6, "product": 995661, "quantity": 2}}, {"model": "ordersapp.orderitem", "pk": 12, "fields": {"order": 6, "product": 166992, "quantity": 2}}, {"model": "ordersapp.orderitem", "pk": 13, "fields": {"order": 7, "product": 434295, "quantity": 0}}, {"model": "ordersapp.orderitem", "pk": 14, "fields": {"order": 8, "product": 1455264, "quantity": 0}}, {"model": "ordersapp.orderitem", "pk": 15, "fields": {"order": 9, "product": 1392948, "quantity": 1}}, {"model": "ordersapp.orderitem", "pk": 16, "fields": {"order": 9, "product": 434295, "quantity": 2}}]